{"colors":[0.32156863808631897,1,1,1,1,0.32156863808631897,1,1,1,1,0.34117648005485535,1],"vertices":[0.55000001192092896,0.43299999833106995,0,-0.58149772882461548,0.31391227245330811,0.028444947674870491,0.86729937791824341,-0.42273366451263428,-0.037850670516490936]}