{"colors":[1,1,1,1,1,0,1,1,1,1,0,1,1,0,0,1,0.364705890417099,0.45490199327468872,1,1,0,1,0,1,1,0.43137258291244507,0.20392158627510071,1,0,0.0039215688593685627,1,1,0,0.68235296010971069,0.72549021244049072,1],"vertices":[-0.35999998450279236,2.6430001258850098,0,-1.7464776039123535,1.4310293197631836,-0.28223338723182678,1.2072994709014893,1.9372663497924805,-0.037850670516490936,-0.10999996215105057,0.51999986171722412,0,2.9399998188018799,0.099999882280826569,0,1.2499997615814209,-1.1399998664855957,0,3.1199996471405029,-2.0799999237060547,0,1.2999995946884155,-2.8799998760223389,0,3.9999995231628418,-2.8799998760223389,0]}