{"colors":[1,1,1,1,1,0,1,1,1,1,0,1,1,0,0,1],"vertices":[0.070000015199184418,1.9930000305175781,0,-1.8214976787567139,-0.6260877251625061,0.028444947674870491,1.3872994184494019,-1.1827336549758911,-0.037850670516490936,-0.089999958872795105,-2.630000114440918,0]}
